{
  "logistic_regression": {
    "accuracy": 0.898588604286461,
    "precision": 0.8804457953394124,
    "recall": 0.9195767195767196,
    "f1_score": 0.8995859213250518,
    "roc_auc": 0.9645229349774804,
    "confusion_matrix": [
      [
        850,
        118
      ],
      [
        76,
        869
      ]
    ],
    "classification_report": {
      "0": {
        "precision": 0.91792656587473,
        "recall": 0.878099173553719,
        "f1-score": 0.8975712777191129,
        "support": 968.0
      },
      "1": {
        "precision": 0.8804457953394124,
        "recall": 0.9195767195767196,
        "f1-score": 0.8995859213250518,
        "support": 945.0
      },
      "accuracy": 0.898588604286461,
      "macro avg": {
        "precision": 0.8991861806070711,
        "recall": 0.8988379465652193,
        "f1-score": 0.8985785995220823,
        "support": 1913.0
      },
      "weighted avg": {
        "precision": 0.8994114962689406,
        "recall": 0.898588604286461,
        "f1-score": 0.8985664884915187,
        "support": 1913.0
      }
    }
  },
  "random_forest": {
    "accuracy": 0.9895452169367486,
    "precision": 0.9863301787592008,
    "recall": 0.9925925925925926,
    "f1_score": 0.989451476793249,
    "roc_auc": 0.9989275875639513,
    "confusion_matrix": [
      [
        955,
        13
      ],
      [
        7,
        938
      ]
    ],
    "classification_report": {
      "0": {
        "precision": 0.9927234927234927,
        "recall": 0.9865702479338843,
        "f1-score": 0.9896373056994818,
        "support": 968.0
      },
      "1": {
        "precision": 0.9863301787592008,
        "recall": 0.9925925925925926,
        "f1-score": 0.989451476793249,
        "support": 945.0
      },
      "accuracy": 0.9895452169367486,
      "macro avg": {
        "precision": 0.9895268357413467,
        "recall": 0.9895814202632385,
        "f1-score": 0.9895443912463654,
        "support": 1913.0
      },
      "weighted avg": {
        "precision": 0.9895652691499142,
        "recall": 0.9895452169367486,
        "f1-score": 0.9895455083568838,
        "support": 1913.0
      }
    }
  },
  "gradient_boosting": {
    "accuracy": 0.9905906952430737,
    "precision": 0.9853403141361257,
    "recall": 0.9957671957671957,
    "f1_score": 0.9905263157894737,
    "roc_auc": 0.9985482530937076,
    "confusion_matrix": [
      [
        954,
        14
      ],
      [
        4,
        941
      ]
    ],
    "classification_report": {
      "0": {
        "precision": 0.9958246346555324,
        "recall": 0.9855371900826446,
        "f1-score": 0.9906542056074766,
        "support": 968.0
      },
      "1": {
        "precision": 0.9853403141361257,
        "recall": 0.9957671957671957,
        "f1-score": 0.9905263157894737,
        "support": 945.0
      },
      "accuracy": 0.9905906952430737,
      "macro avg": {
        "precision": 0.990582474395829,
        "recall": 0.9906521929249201,
        "f1-score": 0.9905902606984751,
        "support": 1913.0
      },
      "weighted avg": {
        "precision": 0.9906455008913717,
        "recall": 0.9905906952430737,
        "f1-score": 0.9905910295081496,
        "support": 1913.0
      }
    }
  },
  "xgboost": {
    "accuracy": 0.9900679560899112,
    "precision": 0.9853249475890985,
    "recall": 0.9947089947089947,
    "f1_score": 0.9899947340705635,
    "roc_auc": 0.9988991648082557,
    "confusion_matrix": [
      [
        954,
        14
      ],
      [
        5,
        940
      ]
    ],
    "classification_report": {
      "0": {
        "precision": 0.9947862356621481,
        "recall": 0.9855371900826446,
        "f1-score": 0.9901401141670991,
        "support": 968.0
      },
      "1": {
        "precision": 0.9853249475890985,
        "recall": 0.9947089947089947,
        "f1-score": 0.9899947340705635,
        "support": 945.0
      },
      "accuracy": 0.9900679560899112,
      "macro avg": {
        "precision": 0.9900555916256233,
        "recall": 0.9901230923958196,
        "f1-score": 0.9900674241188313,
        "support": 1913.0
      },
      "weighted avg": {
        "precision": 0.9901124681613473,
        "recall": 0.9900679560899112,
        "f1-score": 0.9900682980713197,
        "support": 1913.0
      }
    }
  },
  "lightgbm": {
    "accuracy": 0.9884997386304234,
    "precision": 0.9842602308499475,
    "recall": 0.9925925925925926,
    "f1_score": 0.9884088514225501,
    "roc_auc": 0.9988543443088898,
    "confusion_matrix": [
      [
        953,
        15
      ],
      [
        7,
        938
      ]
    ],
    "classification_report": {
      "0": {
        "precision": 0.9927083333333333,
        "recall": 0.984504132231405,
        "f1-score": 0.9885892116182573,
        "support": 968.0
      },
      "1": {
        "precision": 0.9842602308499475,
        "recall": 0.9925925925925926,
        "f1-score": 0.9884088514225501,
        "support": 945.0
      },
      "accuracy": 0.9884997386304234,
      "macro avg": {
        "precision": 0.9884842820916404,
        "recall": 0.9885483624119988,
        "f1-score": 0.9884990315204036,
        "support": 1913.0
      },
      "weighted avg": {
        "precision": 0.9885350678619274,
        "recall": 0.9884997386304234,
        "f1-score": 0.9885001157557674,
        "support": 1913.0
      }
    }
  },
  "svm": {
    "accuracy": 0.98170412963931,
    "precision": 0.9809725158562368,
    "recall": 0.982010582010582,
    "f1_score": 0.9814912744579588,
    "roc_auc": 0.9942028510210328,
    "confusion_matrix": [
      [
        950,
        18
      ],
      [
        17,
        928
      ]
    ],
    "classification_report": {
      "0": {
        "precision": 0.9824198552223371,
        "recall": 0.981404958677686,
        "f1-score": 0.9819121447028424,
        "support": 968.0
      },
      "1": {
        "precision": 0.9809725158562368,
        "recall": 0.982010582010582,
        "f1-score": 0.9814912744579588,
        "support": 945.0
      },
      "accuracy": 0.98170412963931,
      "macro avg": {
        "precision": 0.981696185539287,
        "recall": 0.9817077703441339,
        "f1-score": 0.9817017095804006,
        "support": 1913.0
      },
      "weighted avg": {
        "precision": 0.9817048862202646,
        "recall": 0.98170412963931,
        "f1-score": 0.9817042396419877,
        "support": 1913.0
      }
    }
  },
  "neural_network": {
    "accuracy": 0.9843178254051228,
    "precision": 0.982086406743941,
    "recall": 0.9862433862433863,
    "f1_score": 0.9841605068637803,
    "roc_auc": 0.9933425160697887,
    "confusion_matrix": [
      [
        951,
        17
      ],
      [
        13,
        932
      ]
    ],
    "classification_report": {
      "0": {
        "precision": 0.9865145228215768,
        "recall": 0.9824380165289256,
        "f1-score": 0.984472049689441,
        "support": 968.0
      },
      "1": {
        "precision": 0.982086406743941,
        "recall": 0.9862433862433863,
        "f1-score": 0.9841605068637803,
        "support": 945.0
      },
      "accuracy": 0.9843178254051228,
      "macro avg": {
        "precision": 0.9843004647827589,
        "recall": 0.9843407013861559,
        "f1-score": 0.9843162782766106,
        "support": 1913.0
      },
      "weighted avg": {
        "precision": 0.984327084403717,
        "recall": 0.9843178254051228,
        "f1-score": 0.9843181511163884,
        "support": 1913.0
      }
    }
  }
}